{
  "parent": "8bm:global/triggers/global.reset",
  "criteria": {
    "requirement": {
      "trigger": "minecraft:player_interacted_with_entity",
      "conditions": {
        "player": [
          {
            "condition": "minecraft:entity_properties",
            "entity": "this",
            "predicate": {
              "flags": {
                "is_sneaking": true
              }
            }
          }
        ],
        "entity": [
          {
            "condition": "minecraft:entity_properties",
            "entity": "this",
            "predicate": {
              "type": "#8bm:iif.item_frames",
              "nbt": "{Tags:[\"8bm.invisframe.target\"]}"
            }
          }
        ]
      }
    }
  },
  "rewards": {
    "function": "8bm:invis_item_frame/item_move"
  }
}
