{
  "starts": [
    "swalas:shadow_courtyard"
  ],
  "spawners": {
    "water_ambient": [],
    "ambient": [
      {
        "type": "minecraft:bat",
        "weight": 1,
        "minCount": 0,
        "maxCount": 1
      }
    ],
    "misc": [],
    "water_creature": [],
    "creature": [
      {
        "type": "minecraft:silverfish",
        "weight": 100,
        "minCount": 0,
        "maxCount": 1
      },
      {
        "type": "minecraft:wither_skeleton",
        "weight": 10,
        "minCount": 0,
        "maxCount": 1
      }
    ],
    "monster": []
  },
  "spawn_costs": {},
  "surface_builder": "swalas:shadow/blackstone_barrens",
  "carvers": {
    "air": [
      "minecraft:cave",
      "minecraft:canyon"
    ]
  },
  "features": [
    [],
    [
      "minecraft:lake_lava",
      "swalas:shadow/pile_of_soul_soil",
      "swalas:shadow/rock",
      "swalas:shadow/tree2"
    ],
    [],
    [      "minecraft:ore_coal",
      "minecraft:ore_iron"
	],
    [],
    [],
    [],
    [],
    [],
    [
      "minecraft:freeze_top_layer"
    ]
  ],
  "scale": 0.05,
  "temperature": 0.95,
  "downfall": 0.1,
  "effects": {
    "mood_sound": {
      "sound": "minecraft:ambient.cave",
      "tick_delay": 6000,
      "block_search_extent": 8,
      "offset": 2.0
    },
    "sky_color": 0,
    "fog_color": 0,
    "water_color": 0,
    "water_fog_color": 0,
    "grass_color": 0,
    "foliage_colour": 0,

"mood_sound": {
      "sound": "minecraft:block.roots.step",
      "tick_delay": 6000,
      "block_search_extent": 8,
      "offset": 2.0
    },

"additions_sound": {
      "sound": "minecraft:block.roots.step",
      "tick_chance": 0.02
    },
    "music": {
      "sound": "minecraft:music.nether.basalt_deltas",
      "min_delay": 1000,
      "max_delay": 24000,
      "replace_current_music": false},


      "ambient_sound": "minecraft:block.roots.step"
},
  "precipitation": "none",
  "player_spawn_friendly": false,
  "category": "plains",
  "depth": 0.3
}
