{
  "starts": [
    "swalas:shadow_cage"
  ],
  "creature_spawn_probability": 0.07,
  "monster_spawn_probability": 0.05,
  "spawners": {
    "water_ambient": [],
    "ambient": [],
    "misc": [],
    "water_creature": [],
    "creature": [
	{
        "type": "minecraft:cow",
        "weight": 100,
        "minCount": 0,
        "maxCount": 4
      }
    ],
    "monster": [{
        "type": "minecraft:enderman",
        "weight": 10,
        "minCount": 0,
        "maxCount": 1
      },
	{
        "type": "minecraft:skeleton",
        "weight": 10,
        "minCount": 0,
        "maxCount": 1
      },
	{
        "type": "minecraft:phantom",
        "weight": 5,
        "minCount": 0,
        "maxCount": 1
      },
      {
        "type": "minecraft:illusioner",
        "weight": 1,
        "minCount": 0,
        "maxCount": 1
      }]
  },
  "spawn_costs": {},
  "surface_builder": "minecraft:grass",
  "carvers": {
    "air": [
      "minecraft:cave",
      "minecraft:canyon",
      "swalas:canyon0"
    ]
  },
  "features": [
    [],
    [
	 "minecraft:lake_water",
      "minecraft:lake_lava",
      "swalas:shadow/rock",
      "swalas:shadow/fire",
      "swalas:shadow/tree",
      "swalas:shadow/tree0"
    ],
    [],
    [],
    [],
    [],
    [
      "minecraft:ore_dirt",
      "minecraft:ore_coal",
      "minecraft:ore_iron",
      "minecraft:disk_sand",
      "minecraft:disk_clay",
      "minecraft:disk_gravel"
	],
    [],
    [
      "minecraft:patch_tall_grass_2",
      "minecraft:patch_grass_plain",
	 "minecraft:patch_berry_bush",
      "minecraft:brown_mushroom_normal",
      "minecraft:red_mushroom_normal",
      "minecraft:patch_sugar_cane",
      "minecraft:patch_pumpkin",
      "minecraft:spring_water",
      "minecraft:spring_lava"
	],
    [
      "minecraft:freeze_top_layer"
    ]
  ],
  "scale": 0.05,
  "temperature": 0.95,
  "downfall": 0.4,
  "effects": {
    "mood_sound": {
      "sound": "minecraft:ambient.cave",
      "tick_delay": 1200,
      "block_search_extent": 8,
      "offset": 2.0
    },
    "sky_color": 0,
    "fog_color": 2168385,
    "water_color": 1507466,
    "water_fog_color": 0,
    "grass_color": 1640766,
    "foliage_colour": 1640766,

"mood_sound": {
      "sound": "minecraft:ambient.cave",
      "tick_delay": 6000,
      "block_search_extent": 8,
      "offset": 2.0
    },

"additions_sound": {
      "sound": "minecraft:ambient.basalt_deltas.mood",
      "tick_chance": 0.001
    },
    "music": {
      "sound": "minecraft:music.nether.basalt_deltas",
      "min_delay": 1000,
      "max_delay": 24000,
      "replace_current_music": false},


      "ambient_sound": "minecraft:ambient.nether_wastes.loop"
},
  "precipitation": "none",
  "player_spawn_friendly": true,
  "category": "forest",
  "depth": 0.4
}
