{
  "starts": [
    "swalas:shadow_cage"
  ],
  "spawners": {
    "water_ambient": [],
    "ambient": [],
    "misc": [],
    "water_creature": [],
    "creature": [],
    "monster": [{
        "type": "minecraft:drowned",
        "weight": 50,
        "minCount": 0,
        "maxCount": 1
      },
	{
        "type": "minecraft:elder_gardian",
        "weight": 1,
        "minCount": 0,
        "maxCount": 1
      }
	]
  },
  "spawn_costs": {},
  "surface_builder": "swalas:shadow/dead_sea",
  "carvers": {
    "air": [
      "minecraft:cave",
      "minecraft:canyon",
      "swalas:canyon0"
    ]
  },
  "features": [
    [],
    [],
    [],
    [],
    [],
    [],
    [],
    [],
    [
      "minecraft:seagrass_river"
	],
    [
      "minecraft:freeze_top_layer"
    ]
  ],
  "scale": 0.0,
  "temperature": 0.95,
  "downfall": 0.5,
  "effects": {
    "mood_sound": {
      "sound": "minecraft:ambient.cave",
      "tick_delay": 1200,
      "block_search_extent": 8,
      "offset": 2.0
    },
    "sky_color": 0,
    "fog_color": 1310720,
    "water_color": 0,
    "water_fog_color": 1310720,
    "grass_color": 5701632,
    "foliage_colour": 5701632,

"mood_sound": {
      "sound": "minecraft:ambient.cave",
      "tick_delay": 6000,
      "block_search_extent": 8,
      "offset": 2.0
    },

"additions_sound": {
      "sound": "minecraft:ambient.basalt_deltas.mood",
      "tick_chance": 0.001
    },
    "music": {
      "sound": "minecraft:music.nether.basalt_deltas",
      "min_delay": 1000,
      "max_delay": 24000,
      "replace_current_music": false},


      "ambient_sound": "minecraft:ambient.nether_wastes.loop"
},
  "precipitation": "none",
  "player_spawn_friendly": false,
  "category": "ocean",
  "depth": -1.9
}
