{
  "starts": [
    "swalas:shadow_box"
  ],
"monster_spawn_probability": 0.07,
  "spawners": {
    "water_ambient": [],
    "ambient": [
      {
        "type": "minecraft:goat",
        "weight": 100,
        "minCount": 0,
        "maxCount": 1
      }
    ],
    "misc": [],
    "water_creature": [],
    "creature": [],
    "monster": [{
        "type": "minecraft:vindicator",
        "weight": 10,
        "minCount": 0,
        "maxCount": 1
      },
	{
        "type": "minecraft:magma_cube",
        "weight": 50,
        "minCount": 0,
        "maxCount": 1
      }
    ]
  },
  "spawn_costs": {},
  "surface_builder": "swalas:shadow/volcanic",
  "carvers": {
    "air": [
      "minecraft:cave",
      "minecraft:canyon"
    ]
  },
  "features": [
    [],
    [
      "minecraft:lake_lava",
      "swalas:shadow/blackstone_bit",
      "swalas:shadow/basalt_pillar",
      "swalas:shadow/glowstone_bit"
    ],
    [],
    [],
    [
      "minecraft:small_basalt_columns"
	],
    [],
    [],
    [
	 "minecraft:ore_coal",
      "minecraft:ore_iron",
	],
    [],
    [
      "minecraft:freeze_top_layer"
    ]
  ],
  "scale": 0.9,
  "temperature": 0.95,
  "downfall": 0.9,
  "effects": {
    "sky_color": 0,
    "fog_color": 5053184,
    "water_color": 14899213,
    "water_fog_color": 0,
    "grass_color": 11183660,
    "foliage_colour": 11183660,

"mood_sound": {
      "sound": "minecraft:ambient.cave",
      "tick_delay": 1000,
      "block_search_extent": 8,
      "offset": 2.0
    },

"additions_sound": {
      "sound": "minecraft:ambient.basalt_deltas.mood",
      "tick_chance": 0.001
    },
    "music": {
      "sound": "minecraft:music.nether.basalt_deltas",
      "min_delay": 1000,
      "max_delay": 24000,
      "replace_current_music": false},


      "ambient_sound": "minecraft:block.roots.step"
},
  "precipitation": "none",
  "player_spawn_friendly": true,
  "category": "extreme_hills",
  "depth": 1.8
}
