{
  "processors": [
    {
      "rules": [
        {
          "output_state": {
            "Name": "minecraft:cobbled_deepslate"
          },
          "input_predicate": {
            "block": "minecraft:cracked_deepslate_bricks",
            "probability": 0.5,
            "predicate_type": "minecraft:random_block_match"
          },
          "location_predicate": {
            "predicate_type": "minecraft:always_true"
          }
        },
        {
          "output_state": {
            "Name": "minecraft:tuff"
          },
          "input_predicate": {
            "block": "minecraft:polished_deepslate",
            "probability": 0.5,
            "predicate_type": "minecraft:random_block_match"
          },
          "location_predicate": {
            "predicate_type": "minecraft:always_true"
          }
        }
      ],
      "processor_type": "minecraft:rule"
    }
  ]
}