{
  "type": "swalas:shadow",
  "generator": {
    "type": "minecraft:noise",
    "seed": 314159265358979323846264338327,
    "biome_source": {
	 "humidity_noise": {
      "firstOctave": -7,
      "amplitudes": [
        1.0,
        1.0
      ]
    },
    "altitude_noise": {
      "firstOctave": -7,
      "amplitudes": [
        1.0,
        1.0
      ]
    },
    "weirdness_noise": {
      "firstOctave": -7,
      "amplitudes": [
        1.0,
        1.0
      ]
    },
    "temperature_noise": {
      "firstOctave": -7,
      "amplitudes": [
        1.0,
        1.0
      ]
    },
      "type": "minecraft:multi_noise",
      "seed": 3141592653589793238462338327,
      "biomes": [
	{
          "biome": "swalas:shadow/deepslate_barrens",
          "parameters": {
            "altitude": 0,
            "temperature": 0,
            "humidity": 0,
            "weirdness": 0.1,
            "offset": 0.1
          }
        },
        {
          "biome": "swalas:shadow/blackstone_barrens",
          "parameters": {
            "altitude": 0,
            "temperature": 0,
            "humidity": 0,
            "weirdness": 0,
            "offset": 0.1
          }
        },
	{
          "biome": "swalas:shadow/black_sand_barrens",
          "parameters": {
            "altitude": -0.1,
            "temperature": 0,
            "humidity": 0,
            "weirdness": 0,
            "offset": 0.1
          }
        },
	{
          "biome": "swalas:shadow/volcanic_black_sand_barrens",
          "parameters": {
            "altitude": 0.1,
            "temperature": 1,
            "humidity": -0.1,
            "weirdness": 0,
            "offset": 0.1
          }
        },
        {
          "biome": "swalas:shadow/volcanic",
          "parameters": {
            "altitude": 0.1,
            "temperature": 0.1,
            "humidity": -0.1,
            "weirdness": 0,
            "offset": 0.1
          }
        },
        {
          "biome": "swalas:shadow/dead_sea",
          "parameters": {
            "altitude": 0,
            "temperature": 0,
            "humidity": 0.2,
            "weirdness": 0.5,
            "offset": 0
          }
        },
        {
          "biome": "swalas:shadow/dark_woods",
          "parameters": {
            "altitude": 0,
            "temperature": 0,
            "humidity": 0.1,
            "weirdness": 0,
            "offset": 0
          }
        }
      ]
    },
    "settings": "swalas:shadow"
  }
}
