{
  "display": {
    "icon": {
      "item": "minecraft:player_head",
      "nbt": "{SkullOwner:{Id:[I;-390646606,1175077011,-1842496331,-1475032655],Properties:{textures:[{Value:'eyJ0ZXh0dXJlcyI6eyJTS0lOIjp7InVybCI6Imh0dHA6Ly90ZXh0dXJlcy5taW5lY3JhZnQubmV0L3RleHR1cmUvZGQ1YjJkZDFlYzVhOWNkODgyMjdhN2ZiNTNhMGFkYjBiM2Q5YjBkYzVkNDhmN2U3NzQwM2U1NzhjZTBiMDhhOCJ9fX0='}]}}}"
    },
    "title": {
      "text": "FrameCeption",
      "color": "yellow"
    },
    "description": {
      "text": "A frame within a frame....within a frame....within a frame....",
      "color": "white"
    },
    "frame": "challenge",
    "show_toast": true,
    "announce_to_chat": true,
    "hidden": true
  },
  "parent": "8bm:advancements/iif.hangitup",
  "criteria": {
    "reward": {
      "trigger": "minecraft:player_interacted_with_entity",
      "conditions": {
        "item": {
          "items": [
            "minecraft:item_frame"
          ]
        },
        "entity": [
          {
            "condition": "minecraft:entity_properties",
            "entity": "this",
            "predicate": {
              "type": "#8bm:iif.item_frames",
              "nbt": "{Tags:[\"8bm.invisframe.target\"]}"
            }
          }
        ]
      }
    }
  },
  "rewards": {
    "function": "8bm:invis_item_frame/rewards/trophy.frameception"
  }
}
