{
  "display": {
    "icon": {
      "item": "minecraft:player_head",
      "nbt": "{SkullOwner:{Id:[I;1088420229,-1663480506,-1837703367,541835892],Properties:{textures:[{Value:'eyJ0ZXh0dXJlcyI6eyJTS0lOIjp7InVybCI6Imh0dHA6Ly90ZXh0dXJlcy5taW5lY3JhZnQubmV0L3RleHR1cmUvZjQzYmM5MWE1YTkyNWI1NTNkMzgyM2VmZWM5MjM0ZDg0ZjNmMjM2ZDY4NWMyZDI5MWM1ZWNkZDlkMTg2Y2FhZiJ9fX0='}]}}}"
    },
    "title": {
      "text": "You're So Predictable",
      "color": "yellow"
    },
    "description": {
      "text": "That might be too many frames for one frame to handle!",
      "color": "white"
    },
    "frame": "task",
    "show_toast": true,
    "announce_to_chat": true,
    "hidden": true
  },
  "parent": "8bm:advancements/iif.frameception",
  "criteria": {
    "reward": {
      "trigger": "minecraft:player_interacted_with_entity",
      "conditions": {
        "item": {
          "items": [
            "minecraft:player_head"
          ],
          "nbt": "{SkullOwner:{Id:[I;-390646606,1175077011,-1842496331,-1475032655],Properties:{textures:[{Value:'eyJ0ZXh0dXJlcyI6eyJTS0lOIjp7InVybCI6Imh0dHA6Ly90ZXh0dXJlcy5taW5lY3JhZnQubmV0L3RleHR1cmUvZGQ1YjJkZDFlYzVhOWNkODgyMjdhN2ZiNTNhMGFkYjBiM2Q5YjBkYzVkNDhmN2U3NzQwM2U1NzhjZTBiMDhhOCJ9fX0='}]}}}"
        },
        "entity": [
          {
            "condition": "minecraft:entity_properties",
            "entity": "this",
            "predicate": {
              "type": "#8bm:iif.item_frames"
            }
          }
        ]
      }
    }
  },
  "rewards": {
    "function": "8bm:invis_item_frame/rewards/so_predictable"
  }
}
