{
  "display": {
    "icon": {
      "item": "minecraft:painting"
    },
    "title": {
      "text": "Just Hang It Up",
      "color": "yellow"
    },
    "description": {
      "text": "You know you can hang a painting right?!",
      "color": "white"
    },
    "frame": "task",
    "show_toast": true,
    "announce_to_chat": true,
    "hidden": true
  },
  "parent": "8bm:advancements/iif.ninja",
  "criteria": {
    "reward": {
      "trigger": "minecraft:player_interacted_with_entity",
      "conditions": {
        "item": {
          "items": [
            "minecraft:painting"
          ]
        },
        "entity": [
          {
            "condition": "minecraft:entity_properties",
            "entity": "this",
            "predicate": {
              "type": "#8bm:iif.item_frames",
              "nbt": "{Tags:[\"8bm.invisframe.target\"]}"
            }
          }
        ]
      }
    }
  }
}
