{
    "display": {
        "icon": {
            "item": "minecraft:item_frame"
        },
        "title": {
            "text": "Invisible Item Frames",
            "color": "yellow"
        },
        "description": {
            "text": "Using a pair of shears on an item frame while sneaking will make it disappear",
            "color": "white"
        },
        "frame": "goal",
        "show_toast": false,
        "announce_to_chat": false,
        "hidden": false
      },
    "parent": "8bm:global/8bm.root",
    "criteria": {
        "tick": {
            "trigger": "minecraft:tick"
        }
    }
}
