{
  "config": {
    "feature": {
      "config": {
        "feature": {
          "config": {
            "state": {
              "Name": "minecraft:crying_obsidian"
            }
          },
          "type": "minecraft:forest_rock"
        },
        "decorator": {
          "config": {
            "outer": {
              "config": {},
              "type": "minecraft:square"
            },
            "inner": {
              "config": {
                "heightmap": "WORLD_SURFACE_WG"
              },
              "type": "minecraft:heightmap"
            }
          },
          "type": "minecraft:decorated"
        }
      },
      "type": "minecraft:decorated"
    },
    "decorator": {
      "config": {
        "count": 1
      },
      "type": "minecraft:count"
    }
  },
  "type": "minecraft:decorated"
}