{
  "config": {
    "feature": {
      "config": {
        "hat_state": {
          "Name": "minecraft:tinted_glass"
        },
        "decor_state": {
          "Name": "minecraft:sea_lantern"
        },
        "planted": false,
        "valid_base_block": {
          "Name": "minecraft:dirt"
        },
        "stem_state": {
          "Properties": {
            "axis": "y"
          },
          "Name": "minecraft:stripped_warped_stem"
        }
      },
      "type": "minecraft:huge_fungus"
    },
    "decorator": {
      "config": {
        "count": 1
      },
      "type": "minecraft:count_multilayer"
    }
  },
  "type": "minecraft:decorated"
}