{
  "config": {
    "feature": {
      "config": {
        "hat_state": {
          "Name": "minecraft:tinted_glass"
        },
        "decor_state": {
          "Name": "minecraft:crying_obsidian"
        },
        "planted": false,
        "valid_base_block": {
          "Name": "minecraft:soul_soil"
        },
        "stem_state": {
          "Properties": {
            "axis": "y"
          },
          "Name": "minecraft:obsidian"
        }
      },
      "type": "minecraft:huge_fungus"
    },
    "decorator": {
      "config": {
        "count": 1
      },
      "type": "minecraft:count_multilayer"
    }
  },
  "type": "minecraft:decorated"
}