{
  "noise_caves_enabled": true,
  "deepslate_enabled": true,
  "ore_veins_enabled": true,
  "noodle_caves_enabled": true,
  "aquifers_enabled": false,
  "min_surface_level": -64,
  "bedrock_roof_position": -10,
  "bedrock_floor_position": 0,
  "sea_level": 60,
  "disable_mob_generation": false,
  "structures": {
    "structures": {
      "minecraft:ruined_portal": {
            "spacing": 5,
            "separation": 4,
            "salt": 30084232
          }
        }
  },
  "noise": {
    "random_density_offset": true,
    "density_factor": 1.0,
    "density_offset": -0.46875,
    "simplex_surface_noise": true,
	"amplified": false,
    "bottom_slide": {
      "target": -30,
      "size": 0,
      "offset": 0
    },
    "size_horizontal": 1,
    "size_vertical": 2,
    "min_y": -64,
    "height": 320,
    "sampling": {
      "xz_scale": 0.9999999814507745,
      "y_scale": 0.9999999814507745,
      "xz_factor": 160.0,
      "y_factor": 80.0
    },
    "top_slide": {
      "target": -10,
      "size": 3,
      "offset": 0
    }
  },
  "default_block": {
    "Name": "minecraft:blackstone"
  },
  "default_fluid": {
    "Properties": {
      "level": "0"
    },
    "Name": "minecraft:water"
  }
}
