{
  "type": "minecraft:entity",
  "pools": [
    {
      "rolls": 1,
      "entries": [
        {
          "type": "minecraft:loot_table",
          "name": "vanilla:entities/illusioner"
        }
      ]
    },
    {
      "rolls": 1,
      "entries": [
        {
          "type": "item",
          "name": "minecraft:player_head",
          "weight": 1,
          "functions": [
            {
              "function": "set_nbt",
              "tag": "{SkullOwner:{Id:[I;510982214,-1276819779,-2029496273,-1623921693],Name:\"Illusioner\",Properties:{textures:[{Value:\"eyJ0ZXh0dXJlcyI6eyJTS0lOIjp7InVybCI6Imh0dHA6Ly90ZXh0dXJlcy5taW5lY3JhZnQubmV0L3RleHR1cmUvZDM4MjcwMWM2N2Q2YzU0YzkwNzU1ODg5MWRjMTc2MjI1MTEyNTE4NzcxZTA2MWM1ZDhiZDkxODQ3OWU2YmRkOCJ9fX0=\"}]}}}"
            }
          ]
        }
      ]
    }
  ]
}
